code_module,student_count,avg_risk_score,high_risk_rate
AAA,68,0.6574569539096321,0.6470588235294118
CCC,74,0.6041025316739627,0.6216216216216216
DDD,71,0.6298357575208752,0.6197183098591549
BBB,87,0.4793751201490801,0.45977011494252873
