{
  "auc": 0.992585,
  "pr_auc": 0.9944240701151278,
  "precision_at_0_5": 0.9616935483870968,
  "recall_at_0_5": 0.954,
  "confusion_matrix": [
    [
      381,
      19
    ],
    [
      23,
      477
    ]
  ]
}